turn,phi,coherence,temporal_consistency,metacognitive
1,0.0,0.6388888888888888,1.0,0.0
2,0.0,0.1388888888888889,0.0,0.0
